<Anims>
 <anim name="BUILD" root="swap_swordcane" numframes="1000" framerate="40">
  <frame idx="0" w="113" h="287" x="5.802910" y="-81.082573">
   <element name="swap_swordcane" layername="swap_swordcane" frame="0" z_index="1" m_a="0.999984" m_b="0.005640" m_c="-0.005640" m_d="0.999984" m_tx="5.106862" m_ty="4.628503"/>
  </frame>
  <frame idx="25" w="113" h="287" x="5.802910" y="-81.082573">
   <element name="swap_swordcane" layername="swap_swordcane" frame="0" z_index="1" m_a="0.999984" m_b="0.005640" m_c="-0.005640" m_d="0.999984" m_tx="5.106862" m_ty="4.628503"/>
  </frame>
  <frame idx="50" w="113" h="287" x="5.802910" y="-81.082573">
   <element name="swap_swordcane" layername="swap_swordcane" frame="0" z_index="1" m_a="0.999984" m_b="0.005640" m_c="-0.005640" m_d="0.999984" m_tx="5.106862" m_ty="4.628503"/>
  </frame>
  <frame idx="75" w="113" h="287" x="5.802910" y="-81.082573">
   <element name="swap_swordcane" layername="swap_swordcane" frame="0" z_index="1" m_a="0.999984" m_b="0.005640" m_c="-0.005640" m_d="0.999984" m_tx="5.106862" m_ty="4.628503"/>
  </frame>
  <frame idx="100" w="113" h="287" x="5.802910" y="-81.082573">
   <element name="swap_swordcane" layername="swap_swordcane" frame="0" z_index="1" m_a="0.999984" m_b="0.005640" m_c="-0.005640" m_d="0.999984" m_tx="5.106862" m_ty="4.628503"/>
  </frame>
  <frame idx="125" w="113" h="287" x="5.802910" y="-81.082573">
   <element name="swap_swordcane" layername="swap_swordcane" frame="0" z_index="1" m_a="0.999984" m_b="0.005640" m_c="-0.005640" m_d="0.999984" m_tx="5.106862" m_ty="4.628503"/>
  </frame>
  <frame idx="150" w="113" h="287" x="5.802910" y="-81.082573">
   <element name="swap_swordcane" layername="swap_swordcane" frame="0" z_index="1" m_a="0.999984" m_b="0.005640" m_c="-0.005640" m_d="0.999984" m_tx="5.106862" m_ty="4.628503"/>
  </frame>
  <frame idx="175" w="113" h="287" x="5.802910" y="-81.082573">
   <element name="swap_swordcane" layername="swap_swordcane" frame="0" z_index="1" m_a="0.999984" m_b="0.005640" m_c="-0.005640" m_d="0.999984" m_tx="5.106862" m_ty="4.628503"/>
  </frame>
  <frame idx="200" w="113" h="287" x="5.802910" y="-81.082573">
   <element name="swap_swordcane" layername="swap_swordcane" frame="0" z_index="1" m_a="0.999984" m_b="0.005640" m_c="-0.005640" m_d="0.999984" m_tx="5.106862" m_ty="4.628503"/>
  </frame>
  <frame idx="225" w="113" h="287" x="5.802910" y="-81.082573">
   <element name="swap_swordcane" layername="swap_swordcane" frame="0" z_index="1" m_a="0.999984" m_b="0.005640" m_c="-0.005640" m_d="0.999984" m_tx="5.106862" m_ty="4.628503"/>
  </frame>
  <frame idx="250" w="113" h="287" x="5.802910" y="-81.082573">
   <element name="swap_swordcane" layername="swap_swordcane" frame="0" z_index="1" m_a="0.999984" m_b="0.005640" m_c="-0.005640" m_d="0.999984" m_tx="5.106862" m_ty="4.628503"/>
  </frame>
  <frame idx="275" w="113" h="287" x="5.802910" y="-81.082573">
   <element name="swap_swordcane" layername="swap_swordcane" frame="0" z_index="1" m_a="0.999984" m_b="0.005640" m_c="-0.005640" m_d="0.999984" m_tx="5.106862" m_ty="4.628503"/>
  </frame>
  <frame idx="300" w="113" h="287" x="5.802910" y="-81.082573">
   <element name="swap_swordcane" layername="swap_swordcane" frame="0" z_index="1" m_a="0.999984" m_b="0.005640" m_c="-0.005640" m_d="0.999984" m_tx="5.106862" m_ty="4.628503"/>
  </frame>
  <frame idx="325" w="113" h="287" x="5.802910" y="-81.082573">
   <element name="swap_swordcane" layername="swap_swordcane" frame="0" z_index="1" m_a="0.999984" m_b="0.005640" m_c="-0.005640" m_d="0.999984" m_tx="5.106862" m_ty="4.628503"/>
  </frame>
  <frame idx="350" w="113" h="287" x="5.802910" y="-81.082573">
   <element name="swap_swordcane" layername="swap_swordcane" frame="0" z_index="1" m_a="0.999984" m_b="0.005640" m_c="-0.005640" m_d="0.999984" m_tx="5.106862" m_ty="4.628503"/>
  </frame>
  <frame idx="375" w="113" h="287" x="5.802910" y="-81.082573">
   <element name="swap_swordcane" layername="swap_swordcane" frame="0" z_index="1" m_a="0.999984" m_b="0.005640" m_c="-0.005640" m_d="0.999984" m_tx="5.106862" m_ty="4.628503"/>
  </frame>
  <frame idx="400" w="113" h="287" x="5.802910" y="-81.082573">
   <element name="swap_swordcane" layername="swap_swordcane" frame="0" z_index="1" m_a="0.999984" m_b="0.005640" m_c="-0.005640" m_d="0.999984" m_tx="5.106862" m_ty="4.628503"/>
  </frame>
  <frame idx="425" w="113" h="287" x="5.802910" y="-81.082573">
   <element name="swap_swordcane" layername="swap_swordcane" frame="0" z_index="1" m_a="0.999984" m_b="0.005640" m_c="-0.005640" m_d="0.999984" m_tx="5.106862" m_ty="4.628503"/>
  </frame>
  <frame idx="450" w="113" h="287" x="5.802910" y="-81.082573">
   <element name="swap_swordcane" layername="swap_swordcane" frame="0" z_index="1" m_a="0.999984" m_b="0.005640" m_c="-0.005640" m_d="0.999984" m_tx="5.106862" m_ty="4.628503"/>
  </frame>
  <frame idx="475" w="113" h="287" x="5.802910" y="-81.082573">
   <element name="swap_swordcane" layername="swap_swordcane" frame="0" z_index="1" m_a="0.999984" m_b="0.005640" m_c="-0.005640" m_d="0.999984" m_tx="5.106862" m_ty="4.628503"/>
  </frame>
  <frame idx="500" w="113" h="287" x="5.802910" y="-81.082573">
   <element name="swap_swordcane" layername="swap_swordcane" frame="0" z_index="1" m_a="0.999984" m_b="0.005640" m_c="-0.005640" m_d="0.999984" m_tx="5.106862" m_ty="4.628503"/>
  </frame>
  <frame idx="525" w="113" h="287" x="5.802910" y="-81.082573">
   <element name="swap_swordcane" layername="swap_swordcane" frame="0" z_index="1" m_a="0.999984" m_b="0.005640" m_c="-0.005640" m_d="0.999984" m_tx="5.106862" m_ty="4.628503"/>
  </frame>
  <frame idx="550" w="113" h="287" x="5.802910" y="-81.082573">
   <element name="swap_swordcane" layername="swap_swordcane" frame="0" z_index="1" m_a="0.999984" m_b="0.005640" m_c="-0.005640" m_d="0.999984" m_tx="5.106862" m_ty="4.628503"/>
  </frame>
  <frame idx="575" w="113" h="287" x="5.802910" y="-81.082573">
   <element name="swap_swordcane" layername="swap_swordcane" frame="0" z_index="1" m_a="0.999984" m_b="0.005640" m_c="-0.005640" m_d="0.999984" m_tx="5.106862" m_ty="4.628503"/>
  </frame>
  <frame idx="600" w="113" h="287" x="5.802910" y="-81.082573">
   <element name="swap_swordcane" layername="swap_swordcane" frame="0" z_index="1" m_a="0.999984" m_b="0.005640" m_c="-0.005640" m_d="0.999984" m_tx="5.106862" m_ty="4.628503"/>
  </frame>
  <frame idx="625" w="113" h="287" x="5.802910" y="-81.082573">
   <element name="swap_swordcane" layername="swap_swordcane" frame="0" z_index="1" m_a="0.999984" m_b="0.005640" m_c="-0.005640" m_d="0.999984" m_tx="5.106862" m_ty="4.628503"/>
  </frame>
  <frame idx="650" w="113" h="287" x="5.802910" y="-81.082573">
   <element name="swap_swordcane" layername="swap_swordcane" frame="0" z_index="1" m_a="0.999984" m_b="0.005640" m_c="-0.005640" m_d="0.999984" m_tx="5.106862" m_ty="4.628503"/>
  </frame>
  <frame idx="675" w="113" h="287" x="5.802910" y="-81.082573">
   <element name="swap_swordcane" layername="swap_swordcane" frame="0" z_index="1" m_a="0.999984" m_b="0.005640" m_c="-0.005640" m_d="0.999984" m_tx="5.106862" m_ty="4.628503"/>
  </frame>
  <frame idx="700" w="113" h="287" x="5.802910" y="-81.082573">
   <element name="swap_swordcane" layername="swap_swordcane" frame="0" z_index="1" m_a="0.999984" m_b="0.005640" m_c="-0.005640" m_d="0.999984" m_tx="5.106862" m_ty="4.628503"/>
  </frame>
  <frame idx="725" w="113" h="287" x="5.802910" y="-81.082573">
   <element name="swap_swordcane" layername="swap_swordcane" frame="0" z_index="1" m_a="0.999984" m_b="0.005640" m_c="-0.005640" m_d="0.999984" m_tx="5.106862" m_ty="4.628503"/>
  </frame>
  <frame idx="750" w="113" h="287" x="5.802910" y="-81.082573">
   <element name="swap_swordcane" layername="swap_swordcane" frame="0" z_index="1" m_a="0.999984" m_b="0.005640" m_c="-0.005640" m_d="0.999984" m_tx="5.106862" m_ty="4.628503"/>
  </frame>
  <frame idx="775" w="113" h="287" x="5.802910" y="-81.082573">
   <element name="swap_swordcane" layername="swap_swordcane" frame="0" z_index="1" m_a="0.999984" m_b="0.005640" m_c="-0.005640" m_d="0.999984" m_tx="5.106862" m_ty="4.628503"/>
  </frame>
  <frame idx="800" w="113" h="287" x="5.802910" y="-81.082573">
   <element name="swap_swordcane" layername="swap_swordcane" frame="0" z_index="1" m_a="0.999984" m_b="0.005640" m_c="-0.005640" m_d="0.999984" m_tx="5.106862" m_ty="4.628503"/>
  </frame>
  <frame idx="825" w="113" h="287" x="5.802910" y="-81.082573">
   <element name="swap_swordcane" layername="swap_swordcane" frame="0" z_index="1" m_a="0.999984" m_b="0.005640" m_c="-0.005640" m_d="0.999984" m_tx="5.106862" m_ty="4.628503"/>
  </frame>
  <frame idx="850" w="113" h="287" x="5.802910" y="-81.082573">
   <element name="swap_swordcane" layername="swap_swordcane" frame="0" z_index="1" m_a="0.999984" m_b="0.005640" m_c="-0.005640" m_d="0.999984" m_tx="5.106862" m_ty="4.628503"/>
  </frame>
  <frame idx="875" w="113" h="287" x="5.802910" y="-81.082573">
   <element name="swap_swordcane" layername="swap_swordcane" frame="0" z_index="1" m_a="0.999984" m_b="0.005640" m_c="-0.005640" m_d="0.999984" m_tx="5.106862" m_ty="4.628503"/>
  </frame>
  <frame idx="900" w="113" h="287" x="5.802910" y="-81.082573">
   <element name="swap_swordcane" layername="swap_swordcane" frame="0" z_index="1" m_a="0.999984" m_b="0.005640" m_c="-0.005640" m_d="0.999984" m_tx="5.106862" m_ty="4.628503"/>
  </frame>
  <frame idx="925" w="113" h="287" x="5.802910" y="-81.082573">
   <element name="swap_swordcane" layername="swap_swordcane" frame="0" z_index="1" m_a="0.999984" m_b="0.005640" m_c="-0.005640" m_d="0.999984" m_tx="5.106862" m_ty="4.628503"/>
  </frame>
  <frame idx="950" w="113" h="287" x="5.802910" y="-81.082573">
   <element name="swap_swordcane" layername="swap_swordcane" frame="0" z_index="1" m_a="0.999984" m_b="0.005640" m_c="-0.005640" m_d="0.999984" m_tx="5.106862" m_ty="4.628503"/>
  </frame>
  <frame idx="975" w="113" h="287" x="5.802910" y="-81.082573">
   <element name="swap_swordcane" layername="swap_swordcane" frame="0" z_index="1" m_a="0.999984" m_b="0.005640" m_c="-0.005640" m_d="0.999984" m_tx="5.106862" m_ty="4.628503"/>
  </frame>
 </anim>
</Anims>
